"ID","SOURCE","OLD_ID","NAME","COUNTRY","LONG","LAT","ALT","JAN","FEB","MAR","APR","MAY","JUN","JUL","AUG","SEP","OCT","NOV","DEC","NYEARS"
"19102","SERNA","19102","SanIsidro","HONDURAS",-89.166667,14.833333,960,45.93,24.5206686845,16.539316172,49.6038040855,134.665,178.005,163.495,136.68520587,176.819130475,162.604373395,69.534657069,43.1608853225,30
"23010","SERNA","23010","Quimistan","HONDURAS",-88.406944,15.342778,190,46.068391221,33.18,22.925,28.8907539595,101.25,154.65,128.34,156.265,220.87,156.115,107.608,57.075,30
"23011","SERNA","23011","LaEntrada","HONDURAS",-88.733333,15.081944,445,36.45,21.61,22.29,35.395,143.7,267.481052155,183.85917643,214.59,265.405,160.19,82.22,48.0317551485,30
"23018","SERNA","23018","ElCiruelo","HONDURAS",-88.505556,15.299444,210,44.68,35.3867419475,22.09,35.5172297515,125.38,196.76587476,168.02265569,194.59349219,203.575,147.22,116.6,67.3778507365,30
"23020","SERNA","23020","LaLibertadCallejones","HONDURAS",-88.628611,15.2,500,120.3079012225,66.6375685205,46.444835331,39.32,184.87,306.675,211.905,230.66602682,225.817887275,207.35900261,165.4397242015,155.351942593,30
"25018","ENEE","25018","ELJARAL","HONDURAS",-88.004722,14.9375,650,128.684291545,88.104728471,63.624617977,88.082004049,198.44840014,332.860217865,436.794180505,455.275623535,514.20106591,325.51979438,198.19626787,143.823003775,30
"25020","ENEE","25020","ELMOCHITO","HONDURAS",-88.078333,14.853333,940,57.655,45.005,30.26,56.841900495,183.13,322.775,322.705,374.445,400.48,271.066483955,107.375,69.215,30
"25022","SERNA","25022","Victoria","HONDURAS",-87.389444,14.935278,360,31.6683579545,17.2907449905,27.073698587,50.9037435835,148.15718154,183.1146633,167.393986643,179.93312721,221.879010555,169.604228826,74.7744222395,23.3038365815,30
"25026","SERNA","25026","ElCoyolar","HONDURAS",-87.510833,14.316667,880,4.94,5.38,12.795,40.235,141.73,168.235,72.24,130.725,216.660812995,148.89,28.12,9.325,30
"25070","SERNA","25070","Marcala","HONDURAS",-88.040278,14.158889,1340,8.295669229,5.747446285,17.5665936085,60.373030419,212.237276995,259.305033045,191.86991374,230.59376558,294.763406045,177.732695481,36.373057259,9.0560291575,30
"25077","ENEE","25077","GRACIASLEMPIRA","HONDURAS",-88.584167,14.586667,793,16.185,7.496933763,14.54770226175,57.9311685715,119.2917110175,207.470263885,141.929436045,175.04,185.65,134.435,43.4021596335,12.535837689,30
"25079","ENEE","25079","PITOSOLO","HONDURAS",-88.011667,14.775,660,136.192544385,76.4529704345,75.091167586,85.792419305,205.98584856,298.396315335,330.153624285,407.066516695,433.78625233,355.265188945,184.073384545,135.636646425,30
"25080","SERNA","25080","LAErmita","HONDURAS",-87.068056,14.466667,760,22.3028279835,15.24,17.19,57.175,131.58,117.76,86.46,103.29,184.111842615,183.69,60.325,27.545,30
"25081","DGRH","25081","AguaCalienteFM","HONDURAS",-87.290278,14.6775,560,17.925,12.8867935433,12.575,56.32,151.165,193.77,154.495,169.732904045,239.64562707,178.60326888,59.91155253,21.22,30
"25083","ENEE","25083","SANTARITA","HONDURAS",-87.874167,15.194722,60,79.3458401125,50.885604692,42.569761031,51.423676784,121.0000476495,191.48,187.171054575,181.785,213.9,184.245,141.9134584795,91.6508048965,30
"25084","SERNA","25084","Playitas","HONDURAS",-87.701667,14.423611,595,7.2055979825,5.59585728655,15.014135824,33.070629727,118.885,157.505,88.910530006,130.8309355415,180.651536913,135.4424702625,29.9242749045,12.7179232245,30
"25085","ENEE","25085","SANTAELENA","HONDURAS",-87.920833,14.892778,640,100.01,64.545,64.825,74.925,251.295,377.86,336.335,406.435,479.549815775,354.815,160.8409233585,105.845,30
"25086","ENEE","25086","ELCAJON","HONDURAS",-87.739722,14.976111,300,43.8810923735,18.325264277,17.825296336,46.1225529765,139.9372060515,240.91802076,227.91503126,234.089790765,277.280010515,186.095677985,92.6714946,40.8091162025,30
"25087","ENEE","25087","SANJERÓNIMO","HONDURAS",-87.604167,14.625833,440,28.051547806,17.555144307,15.442892104,59.47,185.582987585,185.297621595,179.083899075,225.021435375,317.46793555,231.241947965,72.1497114465,30.8020881205,30
"25088","SERNA","25088","SanNicolas","HONDURAS",-87.341667,14.714167,600,23.340939655,12.8637965065,11.736342333,47.275304492,156.5993611365,206.528113125,161.44274505,186.7615557905,238.332671195,191.970391705,58.9716880225,19.8078139545,30
"25095","SERNA","25095","LaLaguna","HONDURAS",-87.756111,14.416667,1180,31.7596363095,22.6908520325,30.3362274105,39.5276288945,108.91866609,155.18911132,140.002356116,172.26808833,210.00140287,177.552676075,70.0215944595,28.250767404,30
"25096","SERNA","25096","PortillodelaMora","HONDURAS",-87.767222,14.418056,1380,39.9684391985,21.2513137085,30.2123911355,51.155834327,183.67548004,257.763541115,166.39835901,206.81393453,277.44043103,229.2149464765,89.788724026,47.7906325645,30
"25103","ENEE","25103","SULACO","HONDURAS",-87.265,14.91,410,13.085,10.38,13.13,33.415,127.78,147.89,126.127358435,140.26,176.86,146.645,36.13,13.595,30
"25104","ENEE","25104","VALLECILLO","HONDURAS",-87.395833,14.5175,107,42.985,28.335,25.185,88.875,210.745,233.67,217.46,229.475,291.88,275.41,88.72,45.955,30
"25105","ENEE","25105","ESQUIAS","HONDURAS",-87.369444,14.741389,660,19.1463862655,12.4475597905,15.450229503,52.97,156.62,206.775,172.965,210.8025087,227.968758935,184.315,67.3400526775,21.385,30
"25106","ENEE","25106","SANIGNACIO","HONDURAS",-87.040556,14.656389,700,18.425,10.8118456195,14.67,54.5738937025,140.038204665,116.21,99.9053757795,125.854421444,184.4130241785,192.3703977725,60.895213295,20.491643375,30
"25114","ENEE","25114","ULAPA","HONDURAS",-88.604444,14.973056,330,20.1969403715,11.7013945895,10.635,33.725,129.635,282.05,212.55,229.278520905,247.037366525,159.806034303,55.9046651595,34.957018928,30
"25116","ENEE","25116","MARALE","HONDURAS",-87.167222,14.894167,720,16.725,9.6339911485,11.443405598,33.7282780605,138.36,150.18,129.005,152.76,217.855,172.48,58.4383319765,17.959989895,30
"25117","ENEE","25117","LASFLORES","HONDURAS",-88.626389,14.708056,500,3.4563172084,4.8603380826,19.06334077435,26.3709041195,127.979218265,148.765691912,86.688344784,127.8557257155,189.7497554425,131.8136746375,23.6574066967,6.8127351195,30
"25120","ENEE","25120","GUALTAYA","HONDURAS",-88.821944,14.678889,1000,22.8,8.605,24,51.055,142.626694683,211.285,167.18,191.5,248.288894505,158.1445647045,39.525,24.9237763075,30
"25122","ENEE","25122","PALMITAL","HONDURAS",-87.815,14.853611,850,53.49,31.375,27.925,51.055,178.225,288.98,291.765,269.675,326.02,240.41600792,93.44,60.215697814,30
"25138","ENEE","25138","SNJOSEDELAMONTAÑA","HONDURAS",-88.356389,14.692222,820,54.33,30.111495237,32.2641346775,56.78158462,191.84,309.22225778,270.84,378.15,402.69,260.115,122.78,72.6905624175,30
"25139","ENEE","25139","ELTABLON","HONDURAS",-88.451667,14.731111,930,20.727653729,16.84,16.08,36.56,136.3374540945,241.405,210.853972365,256.965,271.529481105,170.5,58.317969738,30.67,30
"25140","ENEE","25140","LAUNION","HONDURAS",-88.404444,14.813889,1040,54.2532011575,37.055,28.14,45.675,156.955949475,288.039392915,219.92100249,252.418537465,280.735,202.738360415,94.179545989,56.931292004,30
"25142","ENEE","25142","ELNISPERO","HONDURAS",-88.338056,14.771667,600,31.86,17.145,17.135,29.475,159.92,269.17,227.006380625,276.87,297.92,166.16,62.924972565,34.91704621,30
"25146","SERNA","25146","Subirana","HONDURAS",-87.447222,15.2,870,59.0862336185,33.850175353,25.4188218915,44.124467623,155.82758572,232.80968409,180.197291835,234.30508623,280.781116145,234.913741665,133.43077849,55.7914360385,30
"25156","ENEE","25156","LAPIMIENTA","HONDURAS",-88.054167,14.748333,640,103.8,58.86,47.6897128505,68.34,196.4433708,312.594332325,272.860495945,344.98226173,397.63,392.39784675,197.165,110.859978725,30
"25200","ENEE","25200","PUEBLONUEVO","HONDURAS",-87.776944,14.761667,124,22.585,14.165,16.335,44.64,152.3,256.73,247.495,266.73,305.82,211.93,61.965,33.128037312,30
"27011","SERNA","27011","LaUnionAtlantida","HONDURAS",-86.98,15.715278,10,314.775,121.955,131.17,49.1946849255,61.79,105.09952721,76.092390325,95.145311825,219.84,326.169176655,381.80994962,274.455767785,30
"27012","SERNA","27012","SanMarcosAtlantida","HONDURAS",-87.113611,15.530556,220,314.358194875,196.6720412,176.18942644,94.43682466,167.313757335,224.7261143,263.867922695,232.59361101,308.79399061,380.439455445,465.105803595,281.714249115,30
"27013","SERNA","27013","SanFranciscoJFK","HONDURAS",-87.032222,15.681111,10,435.67,218.926820815,207.085,99.365,111.28806,140.265,218.74,254.785,275.34568611,431.465,538.09,392.86884422,30
"33016","ENEE","33016","YORITO","HONDURAS",-87.284444,15.066111,760,38.785,22.4469334925,21.364562151,32.6095795205,150.52,199.125,178.05,183.92330474,197.8805136845,184.06,74.545,37.55,30
"33037","DGRH","33037","PiedraBlanca","HONDURAS",-86.711389,15.336667,480,67.345,42.5324868845,45.8917239645,40.6600683935,128.700662955,133.167862525,123.60016595,120.68200079,187.44003506,185.713747575,121.3717873905,107.263170493,30
"33038","DGRH","33038","ElRosario","HONDURAS",-86.703056,14.902778,780,25.155,18.2712979115,13.785,28.135,131.08,141.755,127.345,116.5495352345,136.82439079,142.560584225,71.755578855,28.12,30
"33041","SERNA","33041","Sonaguera","HONDURAS",-86.276389,15.62,90,132.07876201,84.31,78.792329367,37.2887204745,115.2574052615,134.87,98.87,128.235,190.085,216.48981715,223.552904875,155.14553344,30
"33042","SERNA","33042","ElCoco","HONDURAS",-86.058611,15.744444,50,173.405,115.59,101.6053212305,48.463620862,74.16,85.195,97.77493327,96.77625303,141.395,248.17,214.37526224,168.886340715,30
"33043","SERNA","33043","Mejia","HONDURAS",-86.874167,15.130556,560,35.325,20.345,22.405,45.9814045105,140.6,199.428009805,230.56,197.7130383915,232.13968493,187.866129445,96.859366505,42.46038389,30
"33047","SERNA","33047","LasMangas","HONDURAS",-86.061111,15.559722,180,141.907965686,86.0035776965,79.859331211,56.0202318595,102.0703748815,144.54308273,147.82516775,187.96159496,191.266020705,262.348535805,293.944934795,173.241482415,30
"33048","SERNA","33048","AguaCalienteYoro","HONDURAS",-87.058056,15.421667,390,120.2428750755,92.653933558,56.046890634,51.35,106.293857511,145.045,114.6,138.392812615,214.435,220.6257020935,160.46171878,88.7419236525,30
"33051","SERNA","33051","Tapiquil","HONDURAS",-86.016667,15.475,440,160.27527852,86.29734979,109.524606624,69.56230392,169.82124498,181.59376079,206.365546615,210.261173525,233.0111781,349.4771593,313.01089512,164.245319845,30
"35007","ENEE","35007","LaVenta","HONDURAS",-85.875278,15.080556,530,18.3468925945,13.9779548135,13.049834131,46.3850368925,138.207646626,142.65650554,113.71291595,102.7965261955,166.3683124235,146.915365125,60.3911881375,21.5591992015,30
"39001","ENEE","39001","Cayetano","HONDURAS",-86.014167,14.461111,299,58.79,35.71,26.556907481,26.164802604,134.935,186.36,251,214.545,195.369866194,181.8223618155,102.5838632065,56.0585961095,30
"39003","SERNA","39003","Guayabillas","HONDURAS",-86.291667,14.585556,420,31.51,22.58,21.035,37.075,120.055,168.688707815,176.545,155.035,183.489329485,172.335,79.8672454515,37.16631495,30
"39009","SERNA","39009","VillaAhumada","HONDURAS",-86.571667,14.004167,830,30.78,20.715066626,17.57,31.8383607165,135.6753561615,163.33134498,137.9580470335,146.423619155,171.073827501,158.0164462,57.1884893585,26.7995090465,30
"39015","SERNA","39015","Teupasenti","HONDURAS",-86.705556,14.220833,550,22.8248930635,9.9928500975,14.6812734075,40.28496036,125.359378481,143.4439964,125.6956329105,125.6941241575,155.381824163,149.230916778,57.0703020875,22.836645163,30
"39025","ENEE","39025","LASANIMAS","HONDURAS",-86.606667,14.207222,600,35.4599259335,16.915,16.43,42.69,137.67,188.62205716,206.43,163.55084619,187.77402805,177.50872988,59.845,37.9874906785,30
"39026","SERNA","39026","Punuare","HONDURAS",-85.973889,14.740278,335,35.658132561,16.915,16.43,42.69,137.67,184.090662765,206.43,170.684568395,183.59754498,182.30597672,59.845,38.3872102325,30
"39027","SERNA","39027","LaConce","HONDURAS",-86.192778,14.646667,350,30.1,17.14,15.515,43.895,110.825,155.455,161.4,139.04,163.9,155.615,69.91,36.96,30
"39028","SERNA","39028","Guajiniquil","HONDURAS",-86.152778,14.278333,362,54.965836377,35.809617912,30.7087196245,27.1210865205,105.3849647395,156.81786604,232.60555741,189.7081525,158.19202469,168.127807555,94.2893899575,57.370220628,30
"39030","ENEE","39030","LASMESETAS","HONDURAS",-85.765833,14.806389,350,40.6322995735,24.9411900955,21.810477825,21.5369678085,99.8668519365,189.508662285,211.042835045,164.379499075,157.279915886,162.984058382,102.124510545,50.8320622865,30
"39031","ENEE","39031","SanAntonio","HONDURAS",-86.3125,14.663333,440,22.86,13.55,27.135,19.3549012085,96.595,116.982971715,138.58599618,120.5743569795,163.088806995,128.56073604,69.4881847715,24.567898651,30
"39032","ENEE","39032","ELBIJAO","HONDURAS",-86.408611,14.450556,540,33,21.285,16.225,40.48,126.335,171.62373322,233.31130982,204.09593052,172.180473975,201.867747066,82.02,29.7,30
"39033","ENEE","39033","MANTO","HONDURAS",-86.3775,14.920556,620,26.71,12.455,15.02,25.965,99.085,151.705,145.565,141.915,178.17,173.37,63.185,27.51680463,30
"39035","ENEE","39035","aldeaVIEJA","HONDURAS",-86.681111,14.635833,640,23.941542632,15.927856468,29.956469385,36.0956452655,108.9945474815,101.5890766645,108.341501225,106.6176349215,123.754567686,135.4921021175,69.5668797955,37.46313936,30
"39037","ENEE","39037","LALIMA","HONDURAS",-86.597778,14.555278,540,28.915,17.68,16.425,37.96,119.98,156.835,138.755,127.405,164.23,155.205,76.835,41.46,30
"39038","ENEE","39038","AZACUALPA","HONDURAS",-86.11,14.436667,480,69.5689967505,36.7849842745,33.9997340615,36.6367634955,163.8689957055,199.687378855,306.38326002,232.62198745,220.29835045,240.65452211,112.4791985195,60.010103825,30
"39039","ENEE","39039","ELJUNQUInO","HONDURAS",-86.180278,14.236389,355,51.13,30.21,27.895,26.9372623185,116.83,163.665,217.21,186.01,163.58,156.130777705,85.71707253,55.761856482,30
"39040","SERNA","39040","EscuelaNacionalAgricola","HONDURAS",-85.825,14.833333,500,51.13,30.21,27.895,27.1929504615,116.83,163.665,217.21,186.01,163.58,156.786478965,83.38272379,54.625576102,30
"39042","ENEE","39042","RIOABAJO","HONDURAS",-86.811389,14.440278,750,33.155,23.295,17.655,41.46,130.74,139.085,132.785,129.520390225,185.43,174.68,74.2982081525,36.53,30
"39043","ENEE","39043","GUAYAPE","HONDURAS",-86.858056,14.7875,750,49.6670248605,31.985661243,32.642899643,35.83721026,123.791028184,108.5081433335,115.0564206845,147.965460303,194.3163710175,186.792419985,91.138442371,42.601822089,30
"45102","SERNA","45102","SanMarcosdeColon","HONDURAS",-86.801389,13.4375,960,9.92,4.79,24.46,37.04,202.115,213.8,123.735,169.71,227.88,239.772930295,48.39,9.58,30
"46211","SERNA","46211","SanJuanGuarita","HONDURAS",-88.826389,14.175556,960,6.4742497245,4.63254837985,28.0195013535,95.572361684,249.268508345,328.685417865,246.923575685,328.90188097,375.758249235,237.77289564,40.341532016,46.299171577,30
"46213","SERNA","46213","Cololaca","HONDURAS",-88.881944,14.305556,730,3.37494447435,0.735,28.3909179505,86.04,239.825,376.34,271.71,332.905606285,390.308222815,173.439517205,29.963680688,7.294649588,30
"46214","SERNA","46214","Valladolid","HONDURAS",-88.734722,14.151389,1240,8.17,1.41,24.63321868255,104.845,338.125,463.395,289.605,422.105,505.775,286.2,37.695,15.145,30
"46215","SERNA","46215","Erandique","HONDURAS",-88.466667,14.232222,1150,7.445,4.325,24.09774038715,85.892299714,233.205,335.98,228.195,284,364.015,236.9,36.79,19.905,30
"46231","ENEE","46231","LaVirtud","HONDURAS",-88.693333,14.058333,280,7.1836259109,8.566652086,17.443068965,83.239918889,253.6749265,336.76650939,283.39570373,322.269913395,385.316944625,220.78459012,34.355524931,4.8429215037,30
"52003","SERNA","52003","Alianza","HONDURAS",-87.723611,13.515278,25,0.73,1.91919527085,7.535,24.2015043205,238.410582,206.04385056,178.065170785,272.17608017,329.69116626,254.60092948,36.389506424,3.4105750335,30
"52004","SERNA","52004","Goascoran","HONDURAS",-87.754722,13.610556,50,0.6512853979,0.64496984415,8.1666467359,35.943527633,272.583535565,247.33644909,162.02491825,262.50632898,385.31166206,293.755,33.211343632,3.94354699805,30
"52005","SERNA","52005","Caridad","HONDURAS",-87.693056,13.828333,130,2.40608229005,3.63879474285,9.62093470465,34.0192607425,223.096025485,265.849526535,162.678739745,290.07269108,503.266524245,297.992341125,38.193288697,3.7670333195,30
"54005","ENEE","54005","Reitoca","HONDURAS",-87.470556,13.828333,310,0.555,0.115,10.385,114.44,408.97,419.245,166.51,290.07123594,580.915,388.19,33.68,5.59,30
"54008","SERNA","54008","SanLorenzoValle","HONDURAS",-87.440278,13.423611,8,0,0.375,0.66,33.23601841,398.21225205,351.48073399,175.4973793135,280.668111375,541.146231875,498.06421773,24.047684475,0,30
"54009","SERNA","54009","Lepaterique","HONDURAS",-87.45,14.05,1500,7.099137059,6.065777994,13.7528018755,64.5988335565,185.945703875,243.23424131,110.9842177585,168.253224431,240.734834215,207.577578185,33.6573212805,11.1271934985,30
"54012","DGRH","54012","LaLibertadFM","HONDURAS",-87.309722,13.484722,330,0.93109926545,1.41550784705,29.8513280395,41.975,303.365,271.99222498,136.240008295,235.71,374.050798415,298.07,18.5212352175,6.0327852414,30
"56005","SERNA","56005","ElZamorano","HONDURAS",-87.002222,14.0125,780,10.627808646,8.2601683315,8.70822680165,43.576234327,137.1214683565,171.032216635,135.3586398475,155.83288616,165.6848947505,140.528227664,43.6272751,11.8038171487,30
"56006","SERNA","56006","Potrerillos","HONDURAS",-87.186389,13.485278,750,9.705,5.685,13.8089240785,49.029479989,176.244600875,176.69594318,136.52,170.58,200,195.742385645,51.875,21.323163079,30
"56010","SERNA","56010","Guinope","HONDURAS",-86.9375,13.891667,1315,10.737208679,4.10797861575,9.335,37.105,128.925,146.46,66.52538395,125.01650397,183.205,162.718360025,27.595,9.465,30
"56012","DGRH","56012","LaFloridaOropoli","HONDURAS",-86.818056,13.819444,470,8.3078897568,6.46185389655,13.4711499675,32.94855222505,101.6720611855,137.498893674,88.878137989,113.9184614615,158.5916589,130.6208311945,23.8422865472,9.077843714,30
"56013","SERNA","56013","Maraita","HONDURAS",-87.038056,13.885,970,4.4745161745,1.975,6.28,55.485,163.66,212.18,93.52,163,264.475,202.76438644,23.51,6.355,30
"56014","SERNA","56014","SanAntoniodeFlores","HONDURAS",-86.885,13.720278,790,8.52,6.78,14.58,49.245,188.23,237.915,116.125,184.205,210.295,203.79,22.075,6.475,30
"56015","SERNA","56015","SanLucas","HONDURAS",-86.952222,13.741111,1250,8.72,4.465,9.33,62.83,228.78813861,264.941397715,136.391947926,204.315,321.255,258.095,35.095,8.295,30
"56016","SERNA","56016","Texiguat","HONDURAS",-87.020833,13.645833,340,2.045,1.57,7.795,59.555,204.63,226.065,95.365,154.859461585,251.09099556,185.545,20.38,1.72,30
"56019","SERNA","56019","Marcovia","HONDURAS",-87.312778,13.287222,10,1.485,1.73,35.015,54.135,517.655,508.24,286.61,489.98,677.705,545.136596755,95.78,8.46,30
"56021","SERNA","56021","NuevaArmenia","HONDURAS",-87.164444,13.753333,600,3.64,1.03,19.12,47.355,223.235,222.56909534025,92.54261611,201.775,351.32,282.195,14.955,3.99473360755,30
"56023","SERNA","56023","LaLujosa","HONDURAS",-87.2875,13.316667,25,3.0878653707,2.9004109898,19.18014317465,31.8404631995,242.627746405,239.702465385,152.988553385,220.0394795,359.854186025,265.813947785,54.5503355645,6.04060903235,30
"56050","SERNA","56050","Liure","HONDURAS",-87.086944,13.531667,230,0.675,1.49538633995,21.4,45.525,219.28,179.5,94.445,146.095,235.31,221.6,24.516192449,4.85,30
"56063","SERNA","56063","Namasigue","HONDURAS",-87.136111,13.205,40,1.7,1.83,41.325158596,61.9580832875,580.348074425,607.705076465,344.583688345,605.025,856.2605,727.61,170.19,20.915,30
"56085","SERNA","56085","Linaca","HONDURAS",-87.101389,13.994444,1420,11.3,8.21,8.37,41.67,164.46,187.86,131.74,153.265,198.3,148.105,38.905,14.695,30
"56086","DGRH","56086","AzacualpaFM","HONDURAS",-87.066667,14.033333,1450,13.85,7.175,8.535,38.525,147.485,187.19,149.288864892,161.06,232.35,177.5,35.995,17.26,30
"58103","SERNA","58103","ElCedrito","HONDURAS",-87.065556,13.101389,65,1.37294733445,2.0735786621,7.6475455594,43.9566728395,254.036423345,246.272898895,126.9817014795,265.994362985,373.647212565,303.72502951,63.253048558,8.4723176418,30
"785830","GHCN","785830","BelizePhillipGold","HONDURAS",-88.3,17.533,5,135.21990267,63.4321984435,36.089313204,55.605523763,115.886344629,183.394060025,174.3134829545,175.938861685,206.595892145,216.944895665,212.89003767,140.77517795,30
"786630","GHCN","786630","SanSalvadorIlopan","HONDURAS",-89.117,13.7,621,1.0259381438,0.29663085315,10.00284703845,25.853813843,119.911665668,205.9638387575,224.103120405,234.315289325,247.874840715,158.01506736,24.410531948,3.8646747517,30
"787050","COPECO","787050","LaCeibaAirport","HONDURAS",-86.867,15.733,26,223.15305816,139.75939306,115.041139864,78.5641158405,51.5656927825,98.4364336,107.64824548,104.5081931435,165.17002712,306.664952214,323.496905835,249.416161795,30
"78706","SMN","78706","Tela","HONDURAS",-87.526667,15.774444,3,198.11111628,113.5192378215,65.983098133,49.4048181075,58.770338422,68.6021377165,96.906120235,113.7472014665,134.385121187,221.8257134985,255.755714945,211.22008815,30
"787080","COPECO","787080","LaMesaSanPedro","HONDURAS",-87.933,15.45,31,49.7649429325,33.860966928,18.122704891,20.443985722,37.323691286,95.189413917,68.724519917,64.3235531795,84.282453214,104.41263847,103.2012015405,62.756130472,30
"78711","SMN","78711","PuertoLempira","HONDURAS",-83.799975,15.207407,10,82.883158198,44.2065278075,34.4548355455,42.844218393,126.070057361,206.9997251975,201.582609105,173.006851825,159.296810705,289.05629907,283.3621885025,129.218647739,30
"78714","SMN","78714","Catacamas","HONDURAS",-85.875556,14.839444,387,13.614863094,10.9617710823,7.1381525359,8.5771300636,49.2738903335,117.374581531,148.2147777875,94.431703746,97.120935527,85.13864382,41.929611197,19.9959637135,30
"78717","SMN","78717","SantaRosaDeCopan","HONDURAS",-88.583333,14.583333,1083,34.7655754005,17.235191249,9.506160509,32.65520874235,93.8537577585,223.54857427,148.916362151,162.705214275,212.75331881,131.7980701645,53.7770458735,37.9879574455,30
"78719","SMN","78719","LaEsperanza","HONDURAS",-88.172222,14.291111,1674,160.712394205,121.530997885,101.306873945,48.0336894875,125.430079132,139.577553485,199.68591189,213.848209985,199.98294402,347.005741225,386.198006225,201.997838985,30
"78720","SMN","78720","Tegucigalpa","HONDURAS",-87.219444,14.058611,1000,8.9955252233,3.5564,6.6696,21.05178620795,92.1158947335,109.5459998905,61.43672161085,73.82340659,88.0166745095,94.8333055,24.6869568225,2.0307,30
"78724","SMN","78724","Choluteca","HONDURAS",-87.158889,13.408056,39,3.7871,1.7715,2.48789458805,35.52334181255,184.819605475,196.656013293,89.15959446,141.3493445045,253.999473345,209.986308125,22.388380301,4.74506006025,30
"800010","GHCN","800010","SanAndresIslaS","HONDURAS",-81.717,12.583,6,64.3968929405,28.557290421,17.6283986975,20.479455417,105.144913615,138.43416013,128.212897236,129.073428847,156.212569405,230.661006215,187.397870995,99.452595923,30
"CHIRPS1","CHIRPS","CHIRPS1","CHIRPS1","HND",-86.213,12.887,577,2.05,2.4,8.45,20.15,155.95,191.1,94.9,120,249.9,230.85,49.9,7.55,30
"CHIRPS2","CHIRPS","CHIRPS2","CHIRPS2","HND",-88.196,13.237,380,0,0,3.05,21.5,223.9,264.4,184.7,256.45,374.55,299.3,54.95,1.55,30
"CHIRPS3","CHIRPS","CHIRPS3","CHIRPS3","HND",-89.288,13.679,943,2.15,2.9,7.9,41.7,199.1,328.35,345.5,350.1,392.7,241.15,46.05,4.4,30
"CHIRPS4","CHIRPS","CHIRPS4","CHIRPS4","HND",-85.788,15.937,5,119.25,105.55,91.4,36.85,84.95,128.3,130,123.15,113.2,260.35,374.65,265.3,30
"CHIRPS5","CHIRPS","CHIRPS5","CHIRPS5","HND",-86.779,12.821,26,1.1,1,3.2,28.55,242.35,243.8,178.2,251.25,338,377.45,73.2,4.95,30
"CHIRPS6","CHIRPS","CHIRPS6","CHIRPS6","HND",-88.179,13.554,133,1.8,1.8,7.5,37.1,270.75,265.25,204.5,270.85,365.7,269.9,40.35,3.45,30
"CHIRPS7","CHIRPS","CHIRPS7","CHIRPS7","HND",-89.288,15.654,851,83,54.35,54.6,51.35,157.95,338.6,527.5,382.15,346.5,200.6,153.65,88.1,30
"CHIRPS8","CHIRPS","CHIRPS8","CHIRPS8","HND",-86.021,12.854,701,8.05,11.9,18.8,38.65,174.4,137.55,137.05,137.3,149.35,306.15,37,4.2,30
"CHIRPS9","CHIRPS","CHIRPS9","CHIRPS9","HND",-89.038,16.487,856,105.85,46.45,55.15,64.55,148.95,249.7,434.65,354.65,321.4,307.85,236.5,112.25,30
"CHIRPS10","CHIRPS","CHIRPS10","CHIRPS10","HND",-89.379,15.104,211,30.35,29.5,34.5,48,157.6,292.55,252.25,223.05,311.5,191.05,79.35,40.25,30
"CHIRPS11","CHIRPS","CHIRPS11","CHIRPS11","HND",-88.263,13.812,803,6.6,6.6,11.15,51.5,290.4,288.35,273.35,327.75,387.95,263.25,51.3,9.25,30
"CHIRPS12","CHIRPS","CHIRPS12","CHIRPS12","HND",-89.413,14.262,650,4.8,3.8,21.95,60.75,171.3,273.25,219.3,230.95,292.35,135.05,29.3,4.45,30
"CHIRPS13","CHIRPS","CHIRPS13","CHIRPS13","HND",-86.188,12.737,616,3.85,4.1,5.65,18.05,156.75,173.7,93.05,108.2,231.15,244.5,43.25,7.75,30
"CHIRPS14","CHIRPS","CHIRPS14","CHIRPS14","HND",-89.313,13.987,340,4.5,3.2,9.35,53.55,201.7,278,307.05,342.15,332.3,176.9,39.5,8.45,30
"CHIRPS15","CHIRPS","CHIRPS15","CHIRPS15","HND",-89.063,13.437,23,1.3,1,4.9,20.85,177.8,271.75,254.15,320.45,325.95,246.9,55.95,2.35,30
"CHIRPS16","CHIRPS","CHIRPS16","CHIRPS16","HND",-89.213,15.996,111,114.05,63.1,59.65,59.9,171.2,450,714.4,525.35,460.95,348.65,244.15,132.45,30
"CHIRPS17","CHIRPS","CHIRPS17","CHIRPS17","HND",-89.404,13.704,556,5.65,1,9.65,52.8,207.8,311.9,339,315.95,345.85,187.95,42.8,5.4,30
"CHIRPS18","CHIRPS","CHIRPS18","CHIRPS18","HND",-89.146,13.946,347,4.6,2.15,6.7,49.05,244,299.75,329.95,351.9,402.85,204.1,49.1,4.9,30
"CHIRPS19","CHIRPS","CHIRPS19","CHIRPS19","HND",-86.013,12.954,753,15.3,12.05,18.75,32.35,169.55,175.95,139.5,145.85,204.65,268.4,54.7,18.45,30
"CHIRPS20","CHIRPS","CHIRPS20","CHIRPS20","HND",-85.904,15.921,154,159.95,149.5,120.15,48.2,98.2,102.25,107.8,103.9,128.6,361,466.35,304.8,30
"CHIRPS21","CHIRPS","CHIRPS21","CHIRPS21","HND",-89.288,16.354,668,114.45,39.55,73.45,70.75,137.4,228.65,330.25,315.7,304.4,271.1,216.75,120.9,30
"CHIRPS22","CHIRPS","CHIRPS22","CHIRPS22","HND",-86.363,13.537,650,6.25,3.6,11.8,22.15,112.85,148.65,102.05,91.9,160.85,168.95,40.15,16.6,30
"CHIRPS23","CHIRPS","CHIRPS23","CHIRPS23","HND",-89.038,14.312,1280,5.15,7.2,17.45,60.6,217,338.65,277.5,282.25,373.65,192.05,49.4,9.3,30
"CHIRPS24","CHIRPS","CHIRPS24","CHIRPS24","HND",-88.096,13.854,391,3.3,4.9,12.4,56.3,285.05,279.05,262.05,304.05,376,261.15,51.1,6.75,30
"CHIRPS25","CHIRPS","CHIRPS25","CHIRPS25","HND",-87.063,12.662,232,0.05,1,6.05,27.05,277.65,219.3,142.35,221.55,367.65,347.35,64.5,4.1,30
"CHIRPS26","CHIRPS","CHIRPS26","CHIRPS26","HND",-85.754,14.421,405,62.95,35.85,24.95,32.1,124.4,171.95,226.25,201.95,165.35,193.85,99.3,66.95,30
"CHIRPS27","CHIRPS","CHIRPS27","CHIRPS27","HND",-89.121,16.362,716,109.1,45.35,56.3,65,147.3,253.6,471.55,381.95,331.3,322.35,227.4,115.4,30
"CHIRPS28","CHIRPS","CHIRPS28","CHIRPS28","HND",-89.363,14.204,513,3.95,3.9,17.45,68.85,179.15,290,245.7,256.75,309,156.75,38.25,5.9,30
"CHIRPS29","CHIRPS","CHIRPS29","CHIRPS29","HND",-85.921,13.404,387,38.25,19.95,18.5,24.5,127.95,202.2,184.6,176.1,184.5,196.85,85.9,40.55,30
"CHIRPS30","CHIRPS","CHIRPS30","CHIRPS30","HND",-85.829,14.004,623,64.5,26.65,24.2,25.2,127.45,170.3,194.95,176.4,177.85,185.35,97.85,60.2,30
"CHIRPS31","CHIRPS","CHIRPS31","CHIRPS31","HND",-89.113,15.062,937,50.2,35.4,37.25,47.5,163.25,304.4,258.6,230.05,308.45,192.05,92,46.75,30
"CHIRPS32","CHIRPS","CHIRPS32","CHIRPS32","HND",-88.646,15.346,706,73.75,44.45,39.7,43.2,145,275.35,200.45,229.3,220.2,179.45,164.8,73.65,30
"CHIRPS33","CHIRPS","CHIRPS33","CHIRPS33","HND",-88.496,16.371,20,164.15,86.9,66.65,52.95,116.6,218.6,270.55,328.65,326.45,316.65,268.2,204,30
